Featured collection, Colección destacada
SHOP BY, Comprar por
Sort By, Ordenar por
There is no product to display, No hay productos para mostrar
${count} products, ${count} productos
Search results for "${keyword}", Resultados de búsqueda para ${keyword}
Product Filters, Filtros de productos
Default, Predeterminado
Add to Cart, Añadir al carrito
${count} Products, ${count} Productos
Name, Nombre
Product Description, Descripción del producto
Search results for: ${keyword}, Resultados de búsqueda para: ${keyword}